temperatura,humedadRelativa,puntoRocio,velocidadViento,direccionViento,velocidadRacha,direccionRacha,presionBar,lluvia,fechaHora,idEstacion,radSol
15.7,38,1.4,1.6,360.0,4.8,360.0,1022.5,0.0,05/04/23 00:05,TLAS,0
15.8,37,1.2,0.0,9999.0,0.0,9999.0,1022.5,0.0,05/04/23 00:10,TLAS,0
15.9,37,1.3,0.0,9999.0,0.0,9999.0,1022.5,0.0,05/04/23 00:15,TLAS,0
15.9,39,2.0,1.6,360.0,3.2,360.0,1022.5,0.0,05/04/23 00:20,TLAS,0
15.8,40,2.2,1.6,360.0,3.2,360.0,1022.5,0.0,05/04/23 00:25,TLAS,0
15.7,40,2.1,3.2,360.0,6.4,360.0,1022.4,0.0,05/04/23 00:30,TLAS,0
15.9,40,2.3,3.2,360.0,4.8,360.0,1022.3,0.0,05/04/23 00:35,TLAS,0
15.9,42,3.0,1.6,360.0,4.8,360.0,1022.3,0.0,05/04/23 00:40,TLAS,0
15.4,42,2.5,1.6,360.0,4.8,360.0,1022.2,0.0,05/04/23 00:45,TLAS,0
15.1,43,2.6,1.6,360.0,4.8,360.0,1022.3,0.0,05/04/23 00:50,TLAS,0
14.9,45,3.1,1.6,360.0,3.2,360.0,1022.1,0.0,05/04/23 00:55,TLAS,0
14.6,51,4.5,1.6,360.0,3.2,360.0,1022.2,0.0,05/04/23 01:00,TLAS,0
13.9,54,4.7,1.6,360.0,3.2,360.0,1022.0,0.0,05/04/23 01:05,TLAS,0
13.6,54,4.4,0.0,9999.0,0.0,9999.0,1021.9,0.0,05/04/23 01:10,TLAS,0
13.4,55,4.6,0.0,360.0,1.6,360.0,1021.8,0.0,05/04/23 01:15,TLAS,0
13.4,51,3.5,1.6,360.0,3.2,360.0,1021.7,0.0,05/04/23 01:20,TLAS,0
13.6,52,3.9,1.6,360.0,4.8,360.0,1021.7,0.0,05/04/23 01:25,TLAS,0
13.9,49,3.3,3.2,360.0,6.4,360.0,1021.6,0.0,05/04/23 01:30,TLAS,0
14.2,49,3.6,3.2,360.0,4.8,360.0,1021.6,0.0,05/04/23 01:35,TLAS,0
14.3,49,3.7,1.6,360.0,4.8,360.0,1021.7,0.0,05/04/23 01:40,TLAS,0
14.3,49,3.7,0.0,360.0,3.2,360.0,1021.6,0.0,05/04/23 01:45,TLAS,0
14.2,53,4.7,0.0,360.0,1.6,360.0,1021.6,0.0,05/04/23 01:50,TLAS,0
13.9,53,4.5,0.0,360.0,3.2,360.0,1021.4,0.0,05/04/23 01:55,TLAS,0
13.7,56,5.0,0.0,360.0,3.2,360.0,1021.4,0.0,05/04/23 02:00,TLAS,0
13.4,55,4.6,0.0,9999.0,0.0,9999.0,1021.5,0.0,05/04/23 02:05,TLAS,0
13.3,57,5.0,0.0,9999.0,0.0,9999.0,1021.4,0.0,05/04/23 02:10,TLAS,0
13.3,58,5.2,0.0,360.0,3.2,360.0,1021.3,0.0,05/04/23 02:15,TLAS,0
13.2,53,3.8,0.0,360.0,3.2,360.0,1021.2,0.0,05/04/23 02:20,TLAS,0
13.0,51,3.1,0.0,9999.0,0.0,9999.0,1021.1,0.0,05/04/23 02:25,TLAS,0
12.9,55,4.1,0.0,9999.0,0.0,9999.0,1021.1,0.0,05/04/23 02:30,TLAS,0
12.8,53,3.4,0.0,9999.0,0.0,9999.0,1021.2,0.0,05/04/23 02:35,TLAS,0
12.7,53,3.4,0.0,9999.0,0.0,9999.0,1021.2,0.0,05/04/23 02:40,TLAS,0
12.7,54,3.6,0.0,9999.0,0.0,9999.0,1021.2,0.0,05/04/23 02:45,TLAS,0
12.6,55,3.8,0.0,9999.0,0.0,9999.0,1021.0,0.0,05/04/23 02:50,TLAS,0
12.5,57,4.2,0.0,9999.0,0.0,9999.0,1021.1,0.0,05/04/23 02:55,TLAS,0
12.4,60,4.9,0.0,9999.0,0.0,9999.0,1021.1,0.0,05/04/23 03:00,TLAS,0
12.4,59,4.6,0.0,360.0,1.6,360.0,1021.2,0.0,05/04/23 03:05,TLAS,0
12.3,59,4.5,0.0,9999.0,0.0,9999.0,1021.1,0.0,05/04/23 03:10,TLAS,0
12.4,61,5.1,0.0,9999.0,0.0,9999.0,1020.9,0.0,05/04/23 03:15,TLAS,0
12.5,60,4.9,0.0,9999.0,0.0,9999.0,1020.9,0.0,05/04/23 03:20,TLAS,0
12.6,61,5.2,0.0,9999.0,0.0,9999.0,1020.9,0.0,05/04/23 03:25,TLAS,0
12.6,62,5.5,0.0,360.0,1.6,360.0,1020.9,0.0,05/04/23 03:30,TLAS,0
12.4,65,6.0,0.0,9999.0,0.0,9999.0,1021.0,0.0,05/04/23 03:35,TLAS,0
12.2,61,4.9,0.0,9999.0,0.0,9999.0,1021.0,0.0,05/04/23 03:40,TLAS,0
12.1,59,4.3,1.6,360.0,4.8,360.0,1021.0,0.0,05/04/23 03:45,TLAS,0
12.3,55,3.5,4.8,360.0,6.4,360.0,1020.9,0.0,05/04/23 03:50,TLAS,0
12.8,51,2.9,4.8,360.0,8.0,360.0,1020.7,0.0,05/04/23 03:55,TLAS,0
13.2,48,2.4,4.8,360.0,8.0,360.0,1020.7,0.0,05/04/23 04:00,TLAS,0
13.4,47,2.3,4.8,360.0,8.0,360.0,1020.7,0.0,05/04/23 04:05,TLAS,0
13.6,46,2.2,6.4,360.0,12.9,360.0,1020.9,0.0,05/04/23 04:10,TLAS,0
13.7,46,2.2,4.8,360.0,9.7,360.0,1020.9,0.0,05/04/23 04:15,TLAS,0
13.7,46,2.2,4.8,360.0,9.7,360.0,1020.9,0.0,05/04/23 04:20,TLAS,0
13.7,46,2.2,3.2,360.0,6.4,360.0,1021.0,0.0,05/04/23 04:25,TLAS,0
13.6,47,2.5,3.2,360.0,4.8,360.0,1020.9,0.0,05/04/23 04:30,TLAS,0
13.6,48,2.8,1.6,360.0,4.8,360.0,1021.0,0.0,05/04/23 04:35,TLAS,0
13.5,48,2.7,3.2,360.0,4.8,360.0,1021.0,0.0,05/04/23 04:40,TLAS,0
13.4,50,3.2,3.2,360.0,4.8,360.0,1021.0,0.0,05/04/23 04:45,TLAS,0
13.4,51,3.4,1.6,360.0,4.8,360.0,1021.0,0.0,05/04/23 04:50,TLAS,0
13.3,51,3.3,1.6,360.0,3.2,360.0,1021.1,0.0,05/04/23 04:55,TLAS,0
13.1,52,3.5,0.0,360.0,3.2,360.0,1021.1,0.0,05/04/23 05:00,TLAS,0
12.8,53,3.5,0.0,360.0,3.2,360.0,1021.1,0.0,05/04/23 05:05,TLAS,0
12.5,53,3.2,1.6,360.0,3.2,360.0,1021.3,0.0,05/04/23 05:10,TLAS,0
12.2,54,3.2,1.6,360.0,3.2,360.0,1021.4,0.0,05/04/23 05:15,TLAS,0
11.9,56,3.4,1.6,360.0,3.2,360.0,1021.4,0.0,05/04/23 05:20,TLAS,0
11.6,59,3.8,1.6,360.0,3.2,360.0,1021.6,0.0,05/04/23 05:25,TLAS,0
11.3,59,3.6,0.0,360.0,1.6,360.0,1021.6,0.0,05/04/23 05:30,TLAS,0
11.2,60,3.7,0.0,9999.0,0.0,9999.0,1021.6,0.0,05/04/23 05:35,TLAS,0
11.2,62,4.2,0.0,9999.0,0.0,9999.0,1021.8,0.0,05/04/23 05:40,TLAS,0
11.1,62,4.0,0.0,360.0,1.6,360.0,1021.9,0.0,05/04/23 05:45,TLAS,0
11.1,61,3.8,0.0,360.0,3.2,360.0,1021.9,0.0,05/04/23 05:50,TLAS,0
11.1,61,3.8,0.0,360.0,1.6,360.0,1021.9,0.0,05/04/23 05:55,TLAS,0
11.0,60,3.5,0.0,360.0,3.2,360.0,1021.9,0.0,05/04/23 06:00,TLAS,0
11.1,61,3.8,0.0,9999.0,0.0,9999.0,1021.9,0.0,05/04/23 06:05,TLAS,0
11.0,61,3.8,0.0,9999.0,0.0,9999.0,1022.0,0.0,05/04/23 06:10,TLAS,0
10.9,61,3.7,0.0,9999.0,0.0,9999.0,1022.2,0.0,05/04/23 06:15,TLAS,0
10.8,62,3.8,0.0,9999.0,0.0,9999.0,1022.3,0.0,05/04/23 06:20,TLAS,0
10.7,63,4.0,0.0,360.0,1.6,360.0,1022.4,0.0,05/04/23 06:25,TLAS,0
10.7,62,3.7,0.0,360.0,1.6,360.0,1022.4,0.0,05/04/23 06:30,TLAS,2
10.8,61,3.6,0.0,360.0,1.6,360.0,1022.4,0.0,05/04/23 06:35,TLAS,6
10.7,61,3.5,1.6,360.0,3.2,360.0,1022.4,0.0,05/04/23 06:40,TLAS,7
10.4,65,4.1,1.6,360.0,3.2,360.0,1022.5,0.0,05/04/23 06:45,TLAS,10
10.0,67,4.1,0.0,360.0,1.6,360.0,1022.6,0.0,05/04/23 06:50,TLAS,15
9.8,68,4.1,1.6,360.0,3.2,360.0,1022.7,0.0,05/04/23 06:55,TLAS,19
9.7,67,3.9,0.0,360.0,3.2,360.0,1022.6,0.0,05/04/23 07:00,TLAS,33
9.9,67,4.1,1.6,360.0,3.2,360.0,1022.8,0.0,05/04/23 07:05,TLAS,46
10.2,66,4.1,0.0,360.0,1.6,360.0,1022.9,0.0,05/04/23 07:10,TLAS,62
10.4,65,4.1,0.0,360.0,3.2,360.0,1022.8,0.0,05/04/23 07:15,TLAS,77
10.8,64,4.3,1.6,360.0,3.2,360.0,1022.8,0.0,05/04/23 07:20,TLAS,93
11.3,63,4.5,0.0,360.0,1.6,360.0,1022.6,0.0,05/04/23 07:25,TLAS,109
11.8,62,4.7,0.0,360.0,1.6,360.0,1022.7,0.0,05/04/23 07:30,TLAS,124
12.2,59,4.4,0.0,9999.0,0.0,9999.0,1022.9,0.0,05/04/23 07:35,TLAS,138
12.7,58,4.7,0.0,9999.0,0.0,9999.0,1022.9,0.0,05/04/23 07:40,TLAS,156
13.3,58,5.2,0.0,9999.0,0.0,9999.0,1023.1,0.0,05/04/23 07:45,TLAS,170
13.9,57,5.6,0.0,9999.0,0.0,9999.0,1023.1,0.0,05/04/23 07:50,TLAS,179
14.9,52,5.1,1.6,360.0,3.2,360.0,1023.1,0.0,05/04/23 07:55,TLAS,179
15.8,49,5.1,1.6,360.0,4.8,360.0,1023.3,0.0,05/04/23 08:00,TLAS,183
16.5,47,5.1,0.0,360.0,3.2,360.0,1023.4,0.0,05/04/23 08:05,TLAS,199
17.1,44,4.7,3.2,360.0,4.8,360.0,1023.5,0.0,05/04/23 08:10,TLAS,215
17.5,43,4.8,3.2,360.0,4.8,360.0,1023.5,0.0,05/04/23 08:15,TLAS,228
17.8,42,4.7,1.6,360.0,4.8,360.0,1023.5,0.0,05/04/23 08:20,TLAS,227
18.2,41,4.7,4.8,360.0,6.4,360.0,1023.2,0.0,05/04/23 08:25,TLAS,223
18.3,40,4.5,3.2,360.0,6.4,360.0,1023.3,0.0,05/04/23 08:30,TLAS,227
18.6,40,4.7,3.2,360.0,8.0,360.0,1023.4,0.0,05/04/23 08:35,TLAS,245
18.7,40,4.8,4.8,360.0,8.0,360.0,1023.2,0.0,05/04/23 08:40,TLAS,269
18.8,39,4.6,3.2,360.0,4.8,360.0,1023.3,0.0,05/04/23 08:45,TLAS,292
19.2,39,4.9,3.2,360.0,4.8,360.0,1023.3,0.0,05/04/23 08:50,TLAS,316
19.4,38,4.7,4.8,90.0,6.4,67.5,1023.4,0.0,05/04/23 08:55,TLAS,335
19.6,37,4.5,3.2,45.0,8.0,45.0,1023.4,0.0,05/04/23 09:00,TLAS,344
19.7,37,4.6,1.6,22.5,8.0,45.0,1023.4,0.0,05/04/23 09:05,TLAS,350
20.2,36,4.6,3.2,360.0,6.4,360.0,1023.2,0.0,05/04/23 09:10,TLAS,356
20.6,36,5.0,3.2,360.0,6.4,360.0,1023.4,0.0,05/04/23 09:15,TLAS,364
20.9,35,4.8,3.2,22.5,8.0,360.0,1023.3,0.0,05/04/23 09:20,TLAS,375
21.2,35,5.1,4.8,45.0,8.0,360.0,1023.5,0.0,05/04/23 09:25,TLAS,389
21.3,34,4.8,4.8,45.0,11.3,22.5,1023.4,0.0,05/04/23 09:30,TLAS,414
21.4,34,4.9,4.8,360.0,8.0,45.0,1023.4,0.0,05/04/23 09:35,TLAS,443
21.7,32,4.3,3.2,360.0,6.4,360.0,1023.5,0.0,05/04/23 09:40,TLAS,462
22.2,32,4.7,3.2,360.0,4.8,360.0,1023.6,0.0,05/04/23 09:45,TLAS,487
22.7,31,4.7,3.2,90.0,8.0,45.0,1023.3,0.0,05/04/23 09:50,TLAS,561
23.0,30,4.5,3.2,135.0,6.4,157.5,1023.3,0.0,05/04/23 09:55,TLAS,619
23.3,29,4.2,3.2,45.0,6.4,67.5,1023.3,0.0,05/04/23 10:00,TLAS,656
23.8,29,4.7,3.2,135.0,9.7,360.0,1023.3,0.0,05/04/23 10:05,TLAS,672
24.0,28,4.4,3.2,22.5,9.7,360.0,1023.2,0.0,05/04/23 10:10,TLAS,686
24.3,26,3.6,4.8,22.5,12.9,360.0,1023.3,0.0,05/04/23 10:15,TLAS,702
24.4,27,4.2,3.2,112.5,6.4,135.0,1023.2,0.0,05/04/23 10:20,TLAS,714
24.3,27,4.1,4.8,22.5,8.0,22.5,1023.1,0.0,05/04/23 10:25,TLAS,726
24.1,27,3.9,6.4,337.5,9.7,337.5,1023.0,0.0,05/04/23 10:30,TLAS,738
24.1,27,3.9,3.2,270.0,11.3,45.0,1022.8,0.0,05/04/23 10:35,TLAS,749
24.6,26,3.8,4.8,45.0,19.3,292.5,1022.8,0.0,05/04/23 10:40,TLAS,752
24.8,26,4.0,8.0,360.0,19.3,315.0,1022.8,0.0,05/04/23 10:45,TLAS,776
24.8,25,3.5,1.6,315.0,4.8,315.0,1022.8,0.0,05/04/23 10:50,TLAS,781
25.1,25,3.7,1.6,270.0,4.8,270.0,1022.8,0.0,05/04/23 10:55,TLAS,778
25.6,25,4.1,6.4,360.0,16.1,22.5,1022.8,0.0,05/04/23 11:00,TLAS,794
25.7,24,3.6,8.0,247.5,14.5,292.5,1022.8,0.0,05/04/23 11:05,TLAS,797
25.4,24,3.4,8.0,292.5,16.1,315.0,1022.8,0.0,05/04/23 11:10,TLAS,798
25.4,24,3.4,8.0,292.5,16.1,292.5,1022.7,0.0,05/04/23 11:15,TLAS,798
25.6,24,3.5,8.0,360.0,17.7,292.5,1022.7,0.0,05/04/23 11:20,TLAS,808
25.7,23,3.0,4.8,337.5,12.9,22.5,1022.5,0.0,05/04/23 11:25,TLAS,819
25.9,23,3.2,3.2,45.0,12.9,22.5,1022.6,0.0,05/04/23 11:30,TLAS,836
26.5,22,3.0,3.2,180.0,6.4,135.0,1022.5,0.0,05/04/23 11:35,TLAS,852
27.1,21,2.8,6.4,180.0,12.9,90.0,1022.4,0.0,05/04/23 11:40,TLAS,867
27.3,20,2.3,4.8,135.0,11.3,135.0,1022.3,0.0,05/04/23 11:45,TLAS,874
27.2,21,3.0,3.2,225.0,6.4,202.5,1022.3,0.0,05/04/23 11:50,TLAS,873
27.7,20,2.7,4.8,90.0,11.3,67.5,1022.3,0.0,05/04/23 11:55,TLAS,878
27.7,20,2.7,3.2,315.0,6.4,337.5,1022.3,0.0,05/04/23 12:00,TLAS,887
27.8,20,2.8,4.8,292.5,11.3,270.0,1022.1,0.0,05/04/23 12:05,TLAS,882
27.8,20,2.8,6.4,337.5,12.9,22.5,1022.0,0.0,05/04/23 12:10,TLAS,870
27.5,20,2.5,8.0,360.0,14.5,360.0,1021.9,0.0,05/04/23 12:15,TLAS,878
27.3,20,2.4,11.3,360.0,19.3,45.0,1021.7,0.0,05/04/23 12:20,TLAS,887
27.3,20,2.4,4.8,45.0,11.3,45.0,1021.8,0.0,05/04/23 12:25,TLAS,888
27.6,17,0.3,4.8,22.5,17.7,22.5,1021.6,0.0,05/04/23 12:30,TLAS,902
27.8,17,0.5,6.4,337.5,12.9,337.5,1021.4,0.0,05/04/23 12:35,TLAS,927
27.9,17,0.6,4.8,337.5,9.7,292.5,1021.3,0.0,05/04/23 12:40,TLAS,928
28.3,14,-1.8,4.8,315.0,12.9,360.0,1021.2,0.0,05/04/23 12:45,TLAS,919
28.8,15,-0.4,4.8,22.5,14.5,45.0,1021.1,0.0,05/04/23 12:50,TLAS,925
28.8,15,-0.4,6.4,22.5,16.1,45.0,1021.0,0.0,05/04/23 12:55,TLAS,922
28.6,16,0.3,9.7,45.0,16.1,45.0,1020.9,0.0,05/04/23 13:00,TLAS,911
28.4,16,0.2,4.8,67.5,14.5,67.5,1020.7,0.0,05/04/23 13:05,TLAS,907
28.9,15,-0.4,4.8,45.0,12.9,67.5,1020.6,0.0,05/04/23 13:10,TLAS,897
29.3,15,-0.0,4.8,45.0,16.1,67.5,1020.5,0.0,05/04/23 13:15,TLAS,880
29.6,15,0.2,8.0,67.5,19.3,90.0,1020.6,0.0,05/04/23 13:20,TLAS,888
29.9,16,1.3,8.0,45.0,17.7,45.0,1020.4,0.0,05/04/23 13:25,TLAS,883
29.6,16,1.1,11.3,90.0,20.9,90.0,1020.4,0.0,05/04/23 13:30,TLAS,876
29.1,17,1.6,11.3,67.5,20.9,90.0,1020.0,0.0,05/04/23 13:35,TLAS,877
29.0,15,-0.3,12.9,67.5,27.4,67.5,1019.9,0.0,05/04/23 13:40,TLAS,875
28.9,14,-1.3,11.3,67.5,22.5,90.0,1019.8,0.0,05/04/23 13:45,TLAS,876
29.3,14,-1.0,14.5,67.5,30.6,67.5,1019.6,0.0,05/04/23 13:50,TLAS,872
29.8,10,-5.1,16.1,90.0,27.4,22.5,1019.4,0.0,05/04/23 13:55,TLAS,904
29.9,13,-1.5,8.0,135.0,20.9,157.5,1019.5,0.0,05/04/23 14:00,TLAS,884
30.1,10,-4.9,9.7,135.0,24.1,202.5,1019.3,0.0,05/04/23 14:05,TLAS,843
30.4,8,-7.6,9.7,180.0,22.5,157.5,1019.2,0.0,05/04/23 14:10,TLAS,830
30.6,12,-2.0,11.3,112.5,27.4,112.5,1019.2,0.0,05/04/23 14:15,TLAS,843
30.3,10,-4.8,9.7,202.5,16.1,247.5,1019.2,0.0,05/04/23 14:20,TLAS,847
30.2,6,-11.4,9.7,180.0,24.1,157.5,1019.1,0.0,05/04/23 14:25,TLAS,876
30.2,6,-11.4,9.7,202.5,20.9,202.5,1019.0,0.0,05/04/23 14:30,TLAS,868
30.4,5,-13.5,9.7,202.5,20.9,180.0,1019.0,0.0,05/04/23 14:35,TLAS,854
30.3,7,-9.3,12.9,202.5,24.1,225.0,1019.0,0.0,05/04/23 14:40,TLAS,849
30.4,7,-9.3,11.3,202.5,27.4,180.0,1018.9,0.0,05/04/23 14:45,TLAS,839
30.7,7,-9.1,11.3,180.0,25.7,180.0,1018.9,0.0,05/04/23 14:50,TLAS,817
30.6,6,-11.1,12.9,180.0,29.0,180.0,1018.8,0.0,05/04/23 14:55,TLAS,794
30.4,6,-11.2,14.5,202.5,37.0,225.0,1018.8,0.0,05/04/23 15:00,TLAS,805
30.4,6,-11.3,14.5,202.5,24.1,202.5,1018.6,0.0,05/04/23 15:05,TLAS,804
30.2,5,-13.7,12.9,225.0,24.1,247.5,1018.6,0.0,05/04/23 15:10,TLAS,782
30.2,5,-13.6,14.5,202.5,24.1,202.5,1018.5,0.0,05/04/23 15:15,TLAS,762
30.2,8,-7.7,12.9,202.5,29.0,225.0,1018.5,0.0,05/04/23 15:20,TLAS,739
30.2,7,-9.4,16.1,202.5,25.7,202.5,1018.5,0.0,05/04/23 15:25,TLAS,734
30.0,8,-7.9,12.9,202.5,25.7,225.0,1018.5,0.0,05/04/23 15:30,TLAS,701
29.8,5,-13.9,16.1,202.5,29.0,225.0,1018.7,0.0,05/04/23 15:35,TLAS,667
29.7,9,-6.6,14.5,202.5,27.4,135.0,1018.4,0.0,05/04/23 15:40,TLAS,625
29.7,9,-6.6,12.9,202.5,25.7,225.0,1018.4,0.0,05/04/23 15:45,TLAS,600
29.4,10,-5.4,16.1,202.5,27.4,202.5,1018.4,0.0,05/04/23 15:50,TLAS,600
29.3,10,-5.5,14.5,202.5,25.7,157.5,1018.4,0.0,05/04/23 15:55,TLAS,615
29.2,10,-5.6,12.9,202.5,22.5,180.0,1018.5,0.0,05/04/23 16:00,TLAS,594
29.2,11,-4.3,14.5,180.0,27.4,180.0,1018.5,0.0,05/04/23 16:05,TLAS,548
29.1,10,-5.7,12.9,202.5,24.1,157.5,1018.4,0.0,05/04/23 16:10,TLAS,520
29.0,14,-1.2,12.9,202.5,24.1,157.5,1018.2,0.0,05/04/23 16:15,TLAS,463
28.8,13,-2.4,14.5,180.0,25.7,157.5,1018.3,0.0,05/04/23 16:20,TLAS,470
28.9,11,-4.5,14.5,180.0,27.4,180.0,1018.3,0.0,05/04/23 16:25,TLAS,507
28.8,12,-3.4,14.5,180.0,25.7,157.5,1018.3,0.0,05/04/23 16:30,TLAS,510
28.7,13,-2.5,14.5,180.0,29.0,180.0,1018.3,0.0,05/04/23 16:35,TLAS,494
28.8,13,-2.4,9.7,202.5,20.9,157.5,1018.3,0.0,05/04/23 16:40,TLAS,481
28.9,10,-5.8,12.9,180.0,24.1,157.5,1018.3,0.0,05/04/23 16:45,TLAS,461
28.8,10,-5.8,9.7,157.5,24.1,157.5,1018.4,0.0,05/04/23 16:50,TLAS,437
28.8,10,-5.9,11.3,180.0,27.4,157.5,1018.4,0.0,05/04/23 16:55,TLAS,419
28.6,13,-2.5,11.3,180.0,22.5,202.5,1018.5,0.0,05/04/23 17:00,TLAS,404
28.6,12,-3.6,11.3,157.5,22.5,202.5,1018.4,0.0,05/04/23 17:05,TLAS,387
28.6,13,-2.6,8.0,157.5,20.9,180.0,1018.4,0.0,05/04/23 17:10,TLAS,369
28.6,12,-3.6,11.3,180.0,22.5,180.0,1018.4,0.0,05/04/23 17:15,TLAS,354
28.3,14,-1.7,11.3,180.0,22.5,180.0,1018.3,0.0,05/04/23 17:20,TLAS,330
28.2,13,-2.8,6.4,157.5,20.9,180.0,1018.5,0.0,05/04/23 17:25,TLAS,306
28.2,14,-1.9,9.7,180.0,17.7,180.0,1018.5,0.0,05/04/23 17:30,TLAS,289
28.0,15,-1.1,6.4,157.5,14.5,135.0,1018.4,0.0,05/04/23 17:35,TLAS,270
27.9,12,-4.1,9.7,180.0,19.3,180.0,1018.3,0.0,05/04/23 17:40,TLAS,250
27.7,13,-3.2,9.7,180.0,19.3,90.0,1018.4,0.0,05/04/23 17:45,TLAS,230
27.4,14,-2.4,8.0,157.5,14.5,157.5,1018.4,0.0,05/04/23 17:50,TLAS,209
27.3,15,-1.6,4.8,135.0,17.7,180.0,1018.6,0.0,05/04/23 17:55,TLAS,184
27.2,13,-3.7,6.4,157.5,16.1,157.5,1018.7,0.0,05/04/23 18:00,TLAS,162
27.0,13,-3.8,6.4,360.0,14.5,135.0,1018.7,0.0,05/04/23 18:05,TLAS,142
26.7,15,-2.1,6.4,360.0,16.1,360.0,1018.6,0.0,05/04/23 18:10,TLAS,121
26.3,15,-2.4,6.4,360.0,19.3,202.5,1018.5,0.0,05/04/23 18:15,TLAS,98
26.1,15,-2.6,6.4,360.0,20.9,360.0,1018.7,0.0,05/04/23 18:20,TLAS,79
25.8,18,-0.4,4.8,360.0,11.3,112.5,1018.8,0.0,05/04/23 18:25,TLAS,62
25.6,17,-1.3,4.8,360.0,16.1,180.0,1018.9,0.0,05/04/23 18:30,TLAS,45
25.1,18,-0.9,8.0,360.0,14.5,360.0,1019.2,0.0,05/04/23 18:35,TLAS,33
24.7,18,-1.3,6.4,360.0,19.3,360.0,1019.0,0.0,05/04/23 18:40,TLAS,17
24.3,19,-0.8,3.2,360.0,9.7,180.0,1019.0,0.0,05/04/23 18:45,TLAS,8
23.9,19,-1.2,3.2,360.0,12.9,360.0,1018.9,0.0,05/04/23 18:50,TLAS,5
23.6,19,-1.4,4.8,360.0,9.7,360.0,1019.1,0.0,05/04/23 18:55,TLAS,0
23.3,20,-0.9,1.6,360.0,4.8,360.0,1019.0,0.0,05/04/23 19:00,TLAS,0
23.2,20,-1.0,1.6,360.0,4.8,360.0,1019.4,0.0,05/04/23 19:05,TLAS,0
23.0,21,-0.5,1.6,360.0,4.8,360.0,1019.4,0.0,05/04/23 19:10,TLAS,0
22.8,21,-0.7,3.2,360.0,6.4,360.0,1019.4,0.0,05/04/23 19:15,TLAS,0
22.7,22,-0.1,3.2,360.0,6.4,360.0,1019.5,0.0,05/04/23 19:20,TLAS,0
22.8,22,-0.1,6.4,360.0,9.7,360.0,1019.7,0.0,05/04/23 19:25,TLAS,0
22.8,22,-0.1,4.8,360.0,12.9,360.0,1019.6,0.0,05/04/23 19:30,TLAS,0
22.8,21,-0.7,6.4,360.0,17.7,360.0,1019.7,0.0,05/04/23 19:35,TLAS,0
22.8,21,-0.7,3.2,360.0,8.0,360.0,1019.8,0.0,05/04/23 19:40,TLAS,0
22.6,23,0.4,3.2,360.0,8.0,360.0,1019.9,0.0,05/04/23 19:45,TLAS,0
22.4,20,-1.7,3.2,360.0,9.7,360.0,1020.0,0.0,05/04/23 19:50,TLAS,0
22.3,23,0.1,1.6,360.0,6.4,360.0,1020.1,0.0,05/04/23 19:55,TLAS,0
21.9,24,0.4,3.2,360.0,14.5,360.0,1020.3,0.0,05/04/23 20:00,TLAS,0
21.8,22,-0.9,4.8,360.0,14.5,360.0,1020.4,0.0,05/04/23 20:05,TLAS,0
21.8,22,-0.9,1.6,360.0,4.8,360.0,1020.4,0.0,05/04/23 20:10,TLAS,0
21.6,23,-0.4,0.0,360.0,3.2,360.0,1020.6,0.0,05/04/23 20:15,TLAS,0
21.4,24,-0.0,1.6,360.0,3.2,360.0,1021.0,0.0,05/04/23 20:20,TLAS,0
21.4,24,-0.0,3.2,360.0,8.0,360.0,1021.3,0.0,05/04/23 20:25,TLAS,0
21.6,25,0.7,4.8,360.0,9.7,360.0,1021.3,0.0,05/04/23 20:30,TLAS,0
21.6,26,1.3,1.6,360.0,6.4,360.0,1021.4,0.0,05/04/23 20:35,TLAS,0
21.4,27,1.6,1.6,360.0,4.8,360.0,1021.6,0.0,05/04/23 20:40,TLAS,0
21.2,28,2.0,1.6,360.0,6.4,360.0,1021.6,0.0,05/04/23 20:45,TLAS,0
21.1,28,1.8,4.8,360.0,12.9,360.0,1021.5,0.0,05/04/23 20:50,TLAS,0
20.9,29,2.2,4.8,360.0,6.4,360.0,1021.6,0.0,05/04/23 20:55,TLAS,0
20.8,29,2.1,3.2,360.0,6.4,360.0,1021.8,0.0,05/04/23 21:00,TLAS,0
20.7,29,2.0,0.0,360.0,3.2,360.0,1022.1,0.0,05/04/23 21:05,TLAS,0
20.5,30,2.3,1.6,360.0,3.2,360.0,1021.9,0.0,05/04/23 21:10,TLAS,0
20.2,31,2.5,0.0,360.0,3.2,360.0,1021.9,0.0,05/04/23 21:15,TLAS,0
19.8,32,2.6,0.0,360.0,1.6,360.0,1022.1,0.0,05/04/23 21:20,TLAS,0
19.5,32,2.4,0.0,360.0,1.6,360.0,1022.1,0.0,05/04/23 21:25,TLAS,0
19.4,33,2.7,1.6,360.0,4.8,360.0,1022.1,0.0,05/04/23 21:30,TLAS,0
19.7,32,2.5,4.8,360.0,8.0,360.0,1022.2,0.0,05/04/23 21:35,TLAS,0
20.1,30,1.9,4.8,360.0,8.0,360.0,1022.4,0.0,05/04/23 21:40,TLAS,0
20.2,29,1.6,4.8,360.0,6.4,360.0,1022.4,0.0,05/04/23 21:45,TLAS,0
20.2,30,2.1,3.2,360.0,6.4,360.0,1022.6,0.0,05/04/23 21:50,TLAS,0
20.0,31,2.3,4.8,360.0,6.4,360.0,1022.6,0.0,05/04/23 21:55,TLAS,0
19.8,34,3.5,4.8,360.0,14.5,360.0,1022.7,0.0,05/04/23 22:00,TLAS,0
19.9,35,4.0,4.8,360.0,14.5,360.0,1022.6,0.0,05/04/23 22:05,TLAS,0
20.1,37,5.0,8.0,360.0,17.7,360.0,1022.6,0.0,05/04/23 22:10,TLAS,0
20.3,39,5.9,6.4,360.0,17.7,360.0,1022.7,0.0,05/04/23 22:15,TLAS,0
20.4,40,6.4,4.8,360.0,9.7,360.0,1022.8,0.0,05/04/23 22:20,TLAS,0
20.4,40,6.4,4.8,360.0,14.5,360.0,1022.9,0.0,05/04/23 22:25,TLAS,0
20.4,41,6.7,8.0,360.0,17.7,360.0,1023.0,0.0,05/04/23 22:30,TLAS,0
20.4,42,7.0,8.0,360.0,14.5,360.0,1022.9,0.0,05/04/23 22:35,TLAS,0
20.3,43,7.3,8.0,360.0,14.5,360.0,1022.9,0.0,05/04/23 22:40,TLAS,0
20.3,43,7.3,12.9,360.0,25.7,360.0,1022.8,0.0,05/04/23 22:45,TLAS,0
20.2,44,7.5,9.7,360.0,19.3,360.0,1022.9,0.0,05/04/23 22:50,TLAS,0
20.0,44,7.4,8.0,360.0,16.1,360.0,1022.9,0.0,05/04/23 22:55,TLAS,0
19.9,45,7.6,9.7,360.0,17.7,360.0,1023.1,0.0,05/04/23 23:00,TLAS,0
19.8,45,7.5,9.7,360.0,19.3,360.0,1023.1,0.0,05/04/23 23:05,TLAS,0
19.8,46,7.8,11.3,360.0,19.3,360.0,1023.2,0.0,05/04/23 23:10,TLAS,0
19.7,46,7.8,6.4,360.0,14.5,360.0,1023.3,0.0,05/04/23 23:15,TLAS,0
19.6,47,8.0,6.4,360.0,14.5,360.0,1023.3,0.0,05/04/23 23:20,TLAS,0
19.6,47,7.9,6.4,360.0,14.5,360.0,1023.2,0.0,05/04/23 23:25,TLAS,0
19.5,44,6.9,11.3,360.0,20.9,360.0,1023.2,0.0,05/04/23 23:30,TLAS,0
19.6,40,5.6,6.4,360.0,12.9,360.0,1023.3,0.0,05/04/23 23:35,TLAS,0
19.6,39,5.3,9.7,360.0,16.1,360.0,1023.3,0.0,05/04/23 23:40,TLAS,0
19.6,39,5.2,8.0,315.0,14.5,315.0,1023.3,0.0,05/04/23 23:45,TLAS,0
19.6,39,5.2,8.0,315.0,14.5,292.5,1023.3,0.0,05/04/23 23:50,TLAS,0
19.5,40,5.5,4.8,360.0,9.7,360.0,1023.2,0.0,05/04/23 23:55,TLAS,0
19.3,44,6.8,3.2,360.0,12.9,360.0,1023.1,0.0,06/04/23 00:00,TLAS,0
19.2,48,7.9,3.2,360.0,9.7,360.0,1023.1,0.0,06/04/23 00:05,TLAS,0
19.0,50,8.3,4.8,360.0,9.7,360.0,1023.1,0.0,06/04/23 00:10,TLAS,0
18.8,50,8.2,3.2,360.0,12.9,360.0,1023.0,0.0,06/04/23 00:15,TLAS,0
18.6,51,8.2,3.2,360.0,9.7,360.0,1023.0,0.0,06/04/23 00:20,TLAS,0
18.4,52,8.4,4.8,360.0,8.0,360.0,1023.1,0.0,06/04/23 00:25,TLAS,0
18.2,53,8.5,6.4,360.0,12.9,360.0,1023.0,0.0,06/04/23 00:30,TLAS,0
18.2,53,8.4,6.4,360.0,17.7,360.0,1022.8,0.0,06/04/23 00:35,TLAS,0
18.3,52,8.2,6.4,360.0,17.7,360.0,1022.8,0.0,06/04/23 00:40,TLAS,0
18.3,53,8.6,3.2,360.0,12.9,360.0,1022.8,0.0,06/04/23 00:45,TLAS,0
18.2,53,8.5,3.2,360.0,8.0,360.0,1022.7,0.0,06/04/23 00:50,TLAS,0
18.1,54,8.6,3.2,360.0,8.0,360.0,1022.6,0.0,06/04/23 00:55,TLAS,0
17.9,54,8.4,3.2,360.0,8.0,360.0,1022.6,0.0,06/04/23 01:00,TLAS,0
17.8,54,8.3,3.2,360.0,8.0,360.0,1022.6,0.0,06/04/23 01:05,TLAS,0
17.7,55,8.5,3.2,360.0,6.4,360.0,1022.5,0.0,06/04/23 01:10,TLAS,0
17.6,55,8.4,3.2,360.0,6.4,360.0,1022.4,0.0,06/04/23 01:15,TLAS,0
17.4,56,8.6,1.6,360.0,4.8,360.0,1022.5,0.0,06/04/23 01:20,TLAS,0
17.3,56,8.5,0.0,360.0,3.2,360.0,1022.7,0.0,06/04/23 01:25,TLAS,0
17.2,57,8.6,1.6,360.0,4.8,360.0,1022.7,0.0,06/04/23 01:30,TLAS,0
17.0,58,8.7,1.6,360.0,4.8,360.0,1022.6,0.0,06/04/23 01:35,TLAS,0
16.7,59,8.7,1.6,360.0,3.2,360.0,1022.5,0.0,06/04/23 01:40,TLAS,0
16.4,60,8.6,3.2,360.0,3.2,360.0,1022.5,0.0,06/04/23 01:45,TLAS,0
16.0,62,8.7,3.2,360.0,6.4,360.0,1022.4,0.0,06/04/23 01:50,TLAS,0
15.7,62,8.5,3.2,360.0,6.4,360.0,1022.4,0.0,06/04/23 01:55,TLAS,0
15.6,61,8.1,1.6,360.0,3.2,360.0,1022.3,0.0,06/04/23 02:00,TLAS,0
15.6,61,8.1,1.6,360.0,4.8,360.0,1022.3,0.0,06/04/23 02:05,TLAS,0
15.6,59,7.6,4.8,360.0,8.0,360.0,1022.3,0.0,06/04/23 02:10,TLAS,0
15.7,60,7.9,1.6,360.0,3.2,360.0,1022.3,0.0,06/04/23 02:15,TLAS,0
15.6,60,7.8,1.6,360.0,3.2,360.0,1022.3,0.0,06/04/23 02:20,TLAS,0
15.4,59,7.5,1.6,360.0,3.2,360.0,1022.3,0.0,06/04/23 02:25,TLAS,0
15.4,57,7.0,1.6,360.0,3.2,360.0,1022.3,0.0,06/04/23 02:30,TLAS,0
15.4,58,7.2,1.6,360.0,4.8,360.0,1022.4,0.0,06/04/23 02:35,TLAS,0
15.4,59,7.5,1.6,360.0,3.2,360.0,1022.4,0.0,06/04/23 02:40,TLAS,0
15.4,58,7.2,1.6,360.0,4.8,360.0,1022.4,0.0,06/04/23 02:45,TLAS,0
15.4,59,7.4,1.6,360.0,3.2,360.0,1022.4,0.0,06/04/23 02:50,TLAS,0
15.3,60,7.6,1.6,360.0,3.2,360.0,1022.3,0.0,06/04/23 02:55,TLAS,0
15.1,61,7.6,0.0,360.0,1.6,360.0,1022.3,0.0,06/04/23 03:00,TLAS,0
14.8,62,7.6,0.0,360.0,3.2,360.0,1022.3,0.0,06/04/23 03:05,TLAS,0
14.5,63,7.5,1.6,360.0,3.2,360.0,1022.3,0.0,06/04/23 03:10,TLAS,0
14.3,64,7.6,1.6,360.0,1.6,360.0,1022.4,0.0,06/04/23 03:15,TLAS,0
14.2,64,7.5,1.6,360.0,4.8,360.0,1022.3,0.0,06/04/23 03:20,TLAS,0
14.1,64,7.4,0.0,360.0,3.2,360.0,1022.4,0.0,06/04/23 03:25,TLAS,0
13.9,65,7.5,0.0,360.0,1.6,360.0,1022.3,0.0,06/04/23 03:30,TLAS,0
13.8,66,7.6,0.0,360.0,1.6,360.0,1022.3,0.0,06/04/23 03:35,TLAS,0
13.7,67,7.7,0.0,360.0,1.6,360.0,1022.4,0.0,06/04/23 03:40,TLAS,0
13.6,67,7.6,0.0,9999.0,0.0,9999.0,1022.4,0.0,06/04/23 03:45,TLAS,0
13.6,67,7.5,0.0,9999.0,0.0,9999.0,1022.4,0.0,06/04/23 03:50,TLAS,0
13.4,67,7.4,0.0,9999.0,0.0,9999.0,1022.5,0.0,06/04/23 03:55,TLAS,0
13.3,68,7.5,0.0,9999.0,0.0,9999.0,1022.5,0.0,06/04/23 04:00,TLAS,0
13.2,68,7.4,0.0,9999.0,0.0,9999.0,1022.6,0.0,06/04/23 04:05,TLAS,0
13.1,68,7.3,0.0,9999.0,0.0,9999.0,1022.6,0.0,06/04/23 04:10,TLAS,0
13.1,68,7.3,0.0,9999.0,0.0,9999.0,1022.8,0.0,06/04/23 04:15,TLAS,0
13.2,68,7.4,0.0,9999.0,0.0,9999.0,1022.8,0.0,06/04/23 04:20,TLAS,0
13.2,67,7.2,0.0,360.0,3.2,360.0,1022.8,0.0,06/04/23 04:25,TLAS,0
13.3,67,7.3,0.0,360.0,3.2,360.0,1022.9,0.0,06/04/23 04:30,TLAS,0
13.3,67,7.3,0.0,360.0,1.6,360.0,1023.0,0.0,06/04/23 04:35,TLAS,0
13.3,68,7.5,0.0,9999.0,0.0,9999.0,1023.0,0.0,06/04/23 04:40,TLAS,0
13.2,68,7.4,0.0,9999.0,0.0,9999.0,1023.0,0.0,06/04/23 04:45,TLAS,0
13.1,69,7.5,0.0,360.0,1.6,360.0,1023.0,0.0,06/04/23 04:50,TLAS,0
13.1,71,7.9,0.0,9999.0,0.0,9999.0,1023.1,0.0,06/04/23 04:55,TLAS,0
13.1,70,7.7,0.0,9999.0,0.0,9999.0,1023.2,0.0,06/04/23 05:00,TLAS,0
13.1,70,7.8,0.0,360.0,3.2,360.0,1023.2,0.0,06/04/23 05:05,TLAS,0
13.1,71,8.0,0.0,360.0,1.6,360.0,1023.1,0.0,06/04/23 05:10,TLAS,0
13.2,70,7.8,0.0,9999.0,0.0,9999.0,1023.1,0.0,06/04/23 05:15,TLAS,0
13.1,71,8.0,0.0,360.0,1.6,360.0,1023.3,0.0,06/04/23 05:20,TLAS,0
13.1,71,7.9,0.0,360.0,3.2,360.0,1023.1,0.0,06/04/23 05:25,TLAS,0
13.1,70,7.7,0.0,360.0,1.6,360.0,1023.1,0.0,06/04/23 05:30,TLAS,0
13.1,70,7.7,0.0,9999.0,1.6,360.0,1023.1,0.0,06/04/23 05:35,TLAS,0
13.0,70,7.7,1.6,360.0,3.2,360.0,1023.1,0.0,06/04/23 05:40,TLAS,0
13.1,69,7.5,0.0,360.0,3.2,360.0,1023.1,0.0,06/04/23 05:45,TLAS,0
13.0,69,7.4,0.0,9999.0,0.0,9999.0,1023.1,0.0,06/04/23 05:50,TLAS,0
13.0,72,8.1,1.6,360.0,3.2,360.0,1023.1,0.0,06/04/23 05:55,TLAS,0
13.0,72,8.1,0.0,360.0,1.6,360.0,1023.3,0.0,06/04/23 06:00,TLAS,0
12.9,73,8.2,0.0,360.0,1.6,360.0,1023.3,0.0,06/04/23 06:05,TLAS,0
12.8,74,8.3,1.6,360.0,1.6,360.0,1023.3,0.0,06/04/23 06:10,TLAS,0
12.6,74,8.1,0.0,360.0,3.2,360.0,1023.3,0.0,06/04/23 06:15,TLAS,0
12.6,73,7.8,0.0,360.0,3.2,360.0,1023.2,0.0,06/04/23 06:20,TLAS,0
12.5,73,7.8,0.0,9999.0,0.0,9999.0,1023.3,0.0,06/04/23 06:25,TLAS,0
12.4,74,7.9,0.0,360.0,1.6,360.0,1023.3,0.0,06/04/23 06:30,TLAS,3
12.4,74,7.9,1.6,360.0,3.2,360.0,1023.5,0.0,06/04/23 06:35,TLAS,7
12.2,75,7.9,1.6,360.0,3.2,360.0,1023.5,0.0,06/04/23 06:40,TLAS,12
12.1,76,8.0,1.6,360.0,3.2,360.0,1023.6,0.0,06/04/23 06:45,TLAS,18
11.9,77,8.0,0.0,360.0,3.2,360.0,1023.8,0.0,06/04/23 06:50,TLAS,25
11.9,78,8.2,0.0,360.0,1.6,360.0,1023.8,0.0,06/04/23 06:55,TLAS,31
11.9,80,8.5,0.0,9999.0,0.0,9999.0,1023.9,0.0,06/04/23 07:00,TLAS,37
12.0,78,8.3,0.0,9999.0,0.0,9999.0,1024.0,0.0,06/04/23 07:05,TLAS,48
12.1,77,8.2,0.0,9999.0,0.0,9999.0,1023.9,0.0,06/04/23 07:10,TLAS,57
12.4,75,8.1,0.0,360.0,3.2,360.0,1024.0,0.0,06/04/23 07:15,TLAS,70
12.9,72,8.0,0.0,360.0,3.2,360.0,1024.0,0.0,06/04/23 07:20,TLAS,82
13.4,69,7.9,1.6,360.0,3.2,360.0,1024.3,0.0,06/04/23 07:25,TLAS,94
14.1,66,7.8,1.6,360.0,4.8,360.0,1024.2,0.0,06/04/23 07:30,TLAS,108
14.7,65,8.2,0.0,360.0,1.6,360.0,1024.3,0.0,06/04/23 07:35,TLAS,122
15.2,65,8.7,0.0,360.0,3.2,360.0,1024.4,0.0,06/04/23 07:40,TLAS,136
15.7,62,8.4,1.6,360.0,4.8,360.0,1024.5,0.0,06/04/23 07:45,TLAS,149
15.9,64,9.1,0.0,360.0,3.2,360.0,1024.7,0.0,06/04/23 07:50,TLAS,164
16.2,63,9.1,1.6,360.0,3.2,360.0,1024.6,0.0,06/04/23 07:55,TLAS,176
16.4,63,9.3,1.6,135.0,4.8,135.0,1024.9,0.0,06/04/23 08:00,TLAS,181
16.6,62,9.3,3.2,112.5,6.4,135.0,1025.0,0.0,06/04/23 08:05,TLAS,189
16.8,61,9.2,1.6,135.0,3.2,112.5,1025.2,0.0,06/04/23 08:10,TLAS,202
17.1,58,8.7,3.2,112.5,9.7,112.5,1025.2,0.0,06/04/23 08:15,TLAS,222
17.2,57,8.6,3.2,112.5,6.4,112.5,1025.2,0.0,06/04/23 08:20,TLAS,236
17.3,57,8.7,1.6,135.0,4.8,135.0,1025.2,0.0,06/04/23 08:25,TLAS,237
17.6,56,8.7,4.8,112.5,9.7,112.5,1025.0,0.0,06/04/23 08:30,TLAS,237
17.7,56,8.8,3.2,112.5,9.7,112.5,1025.1,0.0,06/04/23 08:35,TLAS,242
17.8,56,8.9,3.2,135.0,9.7,112.5,1025.2,0.0,06/04/23 08:40,TLAS,255
18.1,56,9.1,1.6,360.0,6.4,360.0,1025.0,0.0,06/04/23 08:45,TLAS,276
18.5,55,9.3,4.8,360.0,8.0,360.0,1025.0,0.0,06/04/23 08:50,TLAS,304
18.7,55,9.4,1.6,360.0,6.4,360.0,1025.2,0.0,06/04/23 08:55,TLAS,324
19.1,54,9.6,3.2,360.0,9.7,360.0,1025.2,0.0,06/04/23 09:00,TLAS,343
19.3,54,9.8,3.2,45.0,9.7,22.5,1025.2,0.0,06/04/23 09:05,TLAS,348
19.4,55,10.1,4.8,45.0,11.3,67.5,1025.2,0.0,06/04/23 09:10,TLAS,355
19.3,55,10.1,3.2,360.0,9.7,45.0,1025.2,0.0,06/04/23 09:15,TLAS,364
19.4,55,10.2,3.2,360.0,9.7,22.5,1025.2,0.0,06/04/23 09:20,TLAS,375
19.7,53,9.8,4.8,360.0,12.9,360.0,1025.0,0.0,06/04/23 09:25,TLAS,382
19.8,52,9.6,1.6,360.0,6.4,360.0,1024.9,0.0,06/04/23 09:30,TLAS,399
20.1,52,9.9,1.6,360.0,4.8,360.0,1025.0,0.0,06/04/23 09:35,TLAS,420
20.7,51,10.2,3.2,360.0,8.0,360.0,1025.0,0.0,06/04/23 09:40,TLAS,446
21.2,49,10.0,3.2,360.0,8.0,360.0,1025.0,0.0,06/04/23 09:45,TLAS,484
21.2,49,10.1,4.8,360.0,12.9,360.0,1025.0,0.0,06/04/23 09:50,TLAS,535
21.1,49,9.9,4.8,360.0,9.7,360.0,1024.9,0.0,06/04/23 09:55,TLAS,593
20.9,48,9.5,3.2,360.0,8.0,360.0,1024.9,0.0,06/04/23 10:00,TLAS,626
21.2,48,9.7,4.8,360.0,8.0,360.0,1024.9,0.0,06/04/23 10:05,TLAS,641
21.4,47,9.7,4.8,360.0,8.0,360.0,1024.9,0.0,06/04/23 10:10,TLAS,655
21.6,47,9.8,8.0,360.0,14.5,360.0,1024.7,0.0,06/04/23 10:15,TLAS,671
21.7,46,9.5,6.4,360.0,14.5,67.5,1024.6,0.0,06/04/23 10:20,TLAS,679
21.8,46,9.6,3.2,360.0,6.4,360.0,1024.5,0.0,06/04/23 10:25,TLAS,690
22.1,45,9.6,6.4,360.0,12.9,360.0,1024.6,0.0,06/04/23 10:30,TLAS,705
22.2,45,9.7,4.8,360.0,12.9,360.0,1024.4,0.0,06/04/23 10:35,TLAS,715
22.1,45,9.6,6.4,360.0,12.9,360.0,1024.3,0.0,06/04/23 10:40,TLAS,734
22.1,45,9.6,8.0,360.0,12.9,360.0,1024.3,0.0,06/04/23 10:45,TLAS,756
22.2,44,9.4,3.2,360.0,6.4,360.0,1024.2,0.0,06/04/23 10:50,TLAS,753
22.9,42,9.3,4.8,360.0,16.1,112.5,1024.1,0.0,06/04/23 10:55,TLAS,762
23.2,41,9.2,4.8,45.0,17.7,90.0,1024.2,0.0,06/04/23 11:00,TLAS,775
23.6,41,9.5,3.2,360.0,9.7,360.0,1024.1,0.0,06/04/23 11:05,TLAS,782
23.9,40,9.5,1.6,360.0,8.0,360.0,1023.9,0.0,06/04/23 11:10,TLAS,792
24.4,38,9.2,3.2,360.0,6.4,45.0,1024.0,0.0,06/04/23 11:15,TLAS,807
24.9,37,9.2,6.4,112.5,12.9,90.0,1024.0,0.0,06/04/23 11:20,TLAS,806
24.8,36,8.7,6.4,67.5,16.1,67.5,1023.8,0.0,06/04/23 11:25,TLAS,817
24.5,36,8.4,9.7,112.5,19.3,90.0,1023.8,0.0,06/04/23 11:30,TLAS,818
24.3,36,8.3,4.8,157.5,9.7,225.0,1023.6,0.0,06/04/23 11:35,TLAS,828
24.4,35,7.9,14.5,67.5,20.9,67.5,1023.4,0.0,06/04/23 11:40,TLAS,835
24.3,36,8.3,8.0,360.0,25.7,360.0,1023.2,0.0,06/04/23 11:45,TLAS,843
24.6,35,8.1,12.9,360.0,20.9,360.0,1023.1,0.0,06/04/23 11:50,TLAS,872
24.6,35,8.1,6.4,360.0,14.5,360.0,1023.1,0.0,06/04/23 11:55,TLAS,887
24.9,34,7.9,14.5,360.0,19.3,360.0,1023.1,0.0,06/04/23 12:00,TLAS,889
25.1,33,7.7,11.3,360.0,19.3,360.0,1022.8,0.0,06/04/23 12:05,TLAS,898
25.1,33,7.7,9.7,360.0,19.3,360.0,1022.8,0.0,06/04/23 12:10,TLAS,909
25.6,32,7.7,8.0,360.0,16.1,135.0,1022.7,0.0,06/04/23 12:15,TLAS,908
25.8,32,7.9,11.3,67.5,24.1,67.5,1022.7,0.0,06/04/23 12:20,TLAS,909
25.7,32,7.8,12.9,67.5,24.1,67.5,1022.5,0.0,06/04/23 12:25,TLAS,921
25.5,33,8.0,8.0,112.5,25.7,45.0,1022.3,0.0,06/04/23 12:30,TLAS,943
25.9,30,7.0,8.0,45.0,17.7,112.5,1022.3,0.0,06/04/23 12:35,TLAS,925
26.3,28,6.3,16.1,67.5,29.0,67.5,1022.2,0.0,06/04/23 12:40,TLAS,919
26.2,27,5.7,17.7,67.5,32.2,67.5,1022.0,0.0,06/04/23 12:45,TLAS,935
26.3,26,5.2,9.7,360.0,25.7,90.0,1021.9,0.0,06/04/23 12:50,TLAS,915
26.8,25,5.1,17.7,90.0,33.8,90.0,1021.7,0.0,06/04/23 12:55,TLAS,936
26.7,25,5.1,11.3,67.5,20.9,90.0,1021.5,0.0,06/04/23 13:00,TLAS,921
27.1,24,4.8,11.3,90.0,27.4,90.0,1021.3,0.0,06/04/23 13:05,TLAS,902
27.1,24,4.8,6.4,112.5,14.5,112.5,1021.4,0.0,06/04/23 13:10,TLAS,912
27.3,24,5.0,11.3,180.0,24.1,202.5,1021.5,0.0,06/04/23 13:15,TLAS,904
27.4,18,1.0,8.0,270.0,14.5,202.5,1021.4,0.0,06/04/23 13:20,TLAS,900
27.4,22,3.8,8.0,202.5,19.3,202.5,1021.4,0.0,06/04/23 13:25,TLAS,740
27.4,23,4.5,4.8,180.0,9.7,112.5,1021.4,0.0,06/04/23 13:30,TLAS,950
28.0,14,-2.0,12.9,157.5,24.1,157.5,1021.2,0.0,06/04/23 13:35,TLAS,676
27.8,13,-3.1,14.5,180.0,29.0,180.0,1021.1,0.0,06/04/23 13:40,TLAS,232
27.6,10,-6.8,14.5,360.0,29.0,360.0,1021.2,0.0,06/04/23 13:45,TLAS,951
27.7,10,-6.7,16.1,360.0,35.4,360.0,1021.2,0.0,06/04/23 13:50,TLAS,926
27.6,13,-3.3,14.5,360.0,29.0,360.0,1021.2,0.0,06/04/23 13:55,TLAS,921
27.7,11,-5.5,16.1,360.0,32.2,360.0,1021.1,0.0,06/04/23 14:00,TLAS,900
27.6,13,-3.4,14.5,360.0,32.2,360.0,1021.1,0.0,06/04/23 14:05,TLAS,913
27.5,15,-1.5,17.7,360.0,30.6,360.0,1021.2,0.0,06/04/23 14:10,TLAS,888
27.4,15,-1.6,16.1,360.0,32.2,360.0,1021.1,0.0,06/04/23 14:15,TLAS,877
27.4,13,-3.5,14.5,360.0,25.7,360.0,1021.0,0.0,06/04/23 14:20,TLAS,855
27.4,16,-0.7,14.5,360.0,38.6,360.0,1021.0,0.0,06/04/23 14:25,TLAS,845
27.3,19,1.6,16.1,360.0,30.6,360.0,1020.8,0.0,06/04/23 14:30,TLAS,833
27.3,17,0.1,14.5,360.0,27.4,360.0,1020.8,0.0,06/04/23 14:35,TLAS,830
27.5,13,-3.4,14.5,360.0,27.4,360.0,1020.8,0.0,06/04/23 14:40,TLAS,811
27.6,19,1.9,12.9,360.0,27.4,157.5,1020.8,0.0,06/04/23 14:45,TLAS,803
27.5,19,1.8,12.9,180.0,25.7,180.0,1020.8,0.0,06/04/23 14:50,TLAS,764
27.4,23,4.4,12.9,135.0,24.1,157.5,1020.8,0.0,06/04/23 14:55,TLAS,777
27.1,19,1.5,14.5,135.0,30.6,202.5,1020.7,0.0,06/04/23 15:00,TLAS,764
27.0,23,4.1,11.3,180.0,25.7,157.5,1020.7,0.0,06/04/23 15:05,TLAS,748
26.9,23,4.0,11.3,135.0,24.1,135.0,1020.6,0.0,06/04/23 15:10,TLAS,731
26.9,23,4.0,12.9,180.0,30.6,180.0,1020.5,0.0,06/04/23 15:15,TLAS,727
26.7,23,3.9,11.3,157.5,25.7,135.0,1020.5,0.0,06/04/23 15:20,TLAS,706
26.8,26,5.7,12.9,180.0,29.0,157.5,1020.4,0.0,06/04/23 15:25,TLAS,686
26.7,23,3.8,14.5,180.0,33.8,157.5,1020.4,0.0,06/04/23 15:30,TLAS,671
26.6,23,3.8,12.9,157.5,25.7,180.0,1020.3,0.0,06/04/23 15:35,TLAS,660
26.7,22,3.2,12.9,157.5,29.0,180.0,1020.2,0.0,06/04/23 15:40,TLAS,641
26.4,26,5.4,14.5,180.0,40.2,157.5,1020.2,0.0,06/04/23 15:45,TLAS,623
26.2,27,5.7,14.5,180.0,24.1,180.0,1020.0,0.0,06/04/23 15:50,TLAS,609
26.1,25,4.5,14.5,157.5,32.2,180.0,1020.1,0.0,06/04/23 15:55,TLAS,597
25.9,25,4.4,14.5,360.0,27.4,360.0,1019.9,0.0,06/04/23 16:00,TLAS,583
26.1,28,6.1,11.3,360.0,24.1,360.0,1019.9,0.0,06/04/23 16:05,TLAS,572
26.1,27,5.6,14.5,157.5,25.7,180.0,1019.8,0.0,06/04/23 16:10,TLAS,555
25.9,27,5.5,11.3,157.5,27.4,180.0,1019.8,0.0,06/04/23 16:15,TLAS,523
